"id","name","country","address","created_at"
1,"Domori","it","Via Pinerolo 72/74 - 10060 NONE (TO)","2015-05-23 20:27:55"
2,"Augusta Perusia","it","Via Pinturicchio, 2; 06121 Perugia (Pg)","2015-05-23 20:27:55"
3,"Vetusta Nursia","it","Viale della Stazione n. 41-43; Norcia (PG) 06046","2015-05-23 20:27:55"
4,"Vannucci","it","Voc. Caselle, 286/I - 06059 Pantalla (PG)","2015-05-23 20:27:56"
5,"Sensus","it","Via Giovanni Pascoli, 5; 31027 Spresiano TV","2015-05-23 20:27:56"
6,"Novi","it","Strada Serravalle, 73 - Novi Ligure","2015-05-23 20:27:56"
7,"Venchi","it","Via Cuneo, 45; 12040 Castelletto Stura (CN)","2015-05-23 20:27:56"
8,"Altromercato","it","viale Francia 1/C; 37135 Verona (VR)","2015-05-23 20:27:56"
9,"Quetzal","it","C/so Mazzini, 42 97015 Modica (Rg)","2015-05-23 20:27:56"
10,"Mazzari","it","Via dell'Ippodromo, 62  35129 Padova","2015-05-23 20:27:56"
11,"Schneekoppe","de","Müllerstr. 13 a; 21244 Buchholz / Nordheide","2015-05-23 20:27:56"
12,"Frankonia","de","Daimlerstr. 9; 97209 Veitshöchheim","2015-05-23 20:27:56"
13,"Ritter","de","Alfred-Ritter-Str. 25; D-71111 Waldenbuch","2015-05-23 20:27:56"
14,"Vivani","de","Diebrocker Str. 17; D-32051 Herford","2015-05-23 20:27:56"
15,"Svitoch","ua","pr Shevchenka 10, Lviv","2015-05-23 20:27:56"
16,"Lindt","ch","Seestrasse 204; 8802 Kilchberg","2015-05-23 20:27:56"
17,"Blikle","pl","ul. Nowy Świat 35; 00-029 Warszawa","2015-05-23 20:27:56"
18,"Goplana","pl","ul. Zdrojowa, 1; 62-860 Opatowek","2015-05-23 20:27:56"
19,"Terravita","pl","ul. Szarych Szeregów 23; 60-462 Poznan","2015-05-23 20:27:56"
20,"Carrefour","pl","ul. Targowa 72; 03-734 Warszawa","2015-05-23 20:27:56"
21,"Alpen Gold","pl","ul. Poznanska 50; 62-080 Tarnowo Podgorne","2015-05-23 20:27:56"
22,"Union Chocolate","pl","Al. Racławickie 6; 99-320 Zychlin","2015-05-23 20:27:56"
23,"Krakowski Kredens","pl","ul. Pilotow 6; 30-964 Krakow","2015-05-23 20:27:57"
24,"Wawel","pl","ul. Władysława Warneńczyka 14; 30-520 Krakow","2015-05-23 20:27:57"
25,"Wedel","pl","ul. Zamoyskiego 28/30; 03-801 Warszawa","2015-05-23 20:27:57"
26,"J.D.Gross","de","Stiftsbergstr. 1; D-74167 Neckarsulm","2015-05-23 20:27:57"
27,"Sladka Vasen","sk","Racianska 44; 832 42 Bratislava","2015-05-23 20:27:57"
29,"Perugina","it","v.le Richard 5; 20143 Milano","2015-05-23 20:27:57"
30,"Nestlè Italia","it","v.le Richard 5; 20143 Milano","2015-05-23 20:27:57"
31,"Baratti e Milano","it","via Don Orione, 119/c; 12042 Bra (CN)","2015-05-23 20:27:57"
32,"Pichler","at","Kirchgasse 6, A-9920 Sillian","2015-05-23 20:27:57"
33,"Alcenero","it","via Idice, 299; 40050 Monterenzio (BO)","2015-05-23 20:27:57"
34,"Bovetti","fr","24120 Terrasson Lavilledieu","2015-05-23 20:27:57"
35,"Roshen","ua","26/9 Electricov St., 04176 Kiev, Ukraine","2015-05-23 20:27:57"
36,"Rococo","gb","5 Motcomb St, Belgravia, London SW1X 8JU","2015-05-23 20:27:57"
37,"Consilia","it","Piazza Meda 3, Milano","2015-05-23 20:27:57"
38,"Mondo Dolce","it","via Lazio, 95; 20090 Buccignasco (MI)","2015-05-23 20:27:57"
39,"Fazer","fi","P.O. Box 110, 00101 Helsinki","2015-05-23 20:27:57"
40,"Frey","ch","CH-5033 Buchs/Aargau","2015-05-23 20:27:57"
41,"Maglio","it","via V. Zara, 2 - Zona PIP - 73024 Maglie (LE)","2015-05-23 20:27:57"
42,"Favarger","ch","1290 - Versoix - Geneva","2015-05-23 20:27:57"
43,"Rizzati","it","via Ginestra 196; 44100 Cocomaro (FE)","2015-05-23 20:27:57"
44,"ChocoLate Orgàniko","es","Juan de Huarte de San Juan, 1; Nave-F 16 Alcalà de Henares","2015-05-23 20:27:58"
45,"Witor's","it","26010 Corte dè Frati, Cremona","2015-05-23 20:27:58"
46,"Leone","it","via Italia, 46; 10093 Collegno (TO)","2015-05-23 20:27:58"
47,"Valrhona","fr","26600 Tain l'Hermitage","2015-05-23 20:27:58"
48,"Camille Bloch","ch","2608 Courtelary","2015-05-23 20:27:58"
49,"Bonajuto","it","Corso Umberto I, 159 - 97015 Modica (RG)","2015-05-23 20:27:58"
50,"Coop","it","ICAM: via dei Pescatori, 53; Lecco (LC)","2015-05-23 20:27:58"
51,"Leysieffer","de","49076 Osnabruck","2015-05-23 20:27:58"
52,"Billa","it","Strada 7 Palazzo T3; Rozzano (MI)","2015-05-23 20:27:58"
53,"Oxicoa","it","via Meucci 11; Druento (TO)","2015-05-23 20:27:58"
54,"Noi Sirius","is","Hesthalsi 2-4; IS-110 Reykjavik","2015-05-23 20:27:58"
55,"Bellarom","de","David-Hansemann-Stasse 1-25; D-52531 Ubach-Palenberg","2015-05-23 20:27:58"
56,"Pence","th","49/17 Moo 4 Soi kingkaew 30, Kingkaew road; 10540 Samutprakarn","2015-05-23 20:27:58"
57,"ICAM","it","via pescatori 53; 23900 Lecco","2015-05-23 20:27:58"
58,"Ion","gr","El. Venizelou 69, Neo Faliro; 18547 Peireas","2015-05-23 20:27:58"
59,"Oscar","gr","19300 Aspropyrgos, Athens","2015-05-23 20:27:58"
60,"Caffarel","it","via Gianavello, 41; 10062 Luserna San giovanni (TO)","2015-05-23 20:27:58"
61,"Pavlidis","gr","Arystoteleoys 19-21; 14451 Metamorpos","2015-05-23 20:27:58"
62,"Linea dolomiti","it","via Mazzini 3, Limana Belluno","2015-05-23 20:27:59"
63,"Nestlè Grecia","gr","Patroklou str. 4; 15125 Paradissos Maroussi","2015-05-23 20:27:59"
64,"Trappisti","it","via Costa Rotonda, 2; Frattocchie, Roma","2015-05-23 20:27:59"
65,"El Rey","ve","Carrera A-2, Parcecelas A-23 y A-24, Barquismento, Edo. Lara","2015-05-23 20:27:59"
66,"Ulker","tr","Maltepe Mah. Davutsapa Cad. No: 10 34015; Zeytinburnu-Istanbul","2015-05-23 20:27:59"
67,"La Suissa","it","via Serravalle, 99; Arquata Scrivia (AL)","2015-05-23 20:27:59"
68,"Majani","it","via Brodolini, 16; Crespellano (BO)","2015-05-23 20:27:59"
69,"Sinergie","it","via Ticino, 10; 20090 Opera (MI)","2015-05-23 20:27:59"
70,"Amedei","it","via San Gervasio, 29; 56025 La Rotta - Pontedera (PI)","2015-05-23 20:27:59"
71,"Libero mondo","it","via Vittorio Emanuele, 282; 12042 Bra (CN)","2015-05-23 20:28:01"
72,"Trumpf","de","Senefelderstraße 44; ‎51469 Bergisch Gladbach","2015-05-23 20:28:01"
73,"Albert Heijn B.V.","nl","Provincialeweg 11; 1506 MA ZAANDAM","2015-05-23 20:28:01"
74,"Galler","be","39, Rue de la Station; 4051 Chaudfontaine","2015-05-23 20:28:02"
75,"Caprano","it","via Bertodano 6/a ; 13900 Biella","2015-05-23 20:28:02"
76,"Le Pain Quotidien","be","rue des Colonies 11; B-1000 Brussels","2015-05-23 20:28:02"
77,"Fair trade original","nl","Postbus 115; 4100 AC Culemborg","2015-05-23 20:28:02"
78,"Tony's chocolonely","nl","Polonceaukade 12; 1014 DA Amsterdam","2015-05-23 20:28:02"
79,"Koska","tr","Tozkoparan Mahallesi Metro Sokat 45; Gungoren INSTANBUL","2015-05-23 20:28:02"
80,"Kras","hr","Ravnice 48; 10000 Zagreb","2015-05-23 20:28:02"
81,"Giraudi","it","via Giraudi 498; 15073 Micarella, Castellazzo Bormida (AL)","2015-05-23 20:28:02"
82,"Casa don Pino Puglisi","it","Largo XI Febbraio, 15; 97015 Modica (RG)","2015-05-23 20:28:02"
83,"Despar","it","Casalecchio di Reno (BO)","2015-05-23 20:28:02"
84,"Zvecevo","hr","Prehrambena industrija d.d. Pozega, Kralja Zvonimira 1","2015-05-23 20:28:02"
85,"Giulio Vacilotto","it","via G. Pascoli 7; 31027 Lovadina (TV)","2015-05-23 20:28:03"
86,"Bambi","rs","Bulevar Mihaila Pupina 115g; Beograd, Serbia","2015-05-23 20:28:03"
87,"Mirco Della Vecchia","it","via Sass muss, 6; Sospirolo, Belluno","2015-05-23 20:28:03"
88,"Zaini","it","via Carlo Imbonati, 59; Milano","2015-05-23 20:28:03"
89,"Ghirardelli","us","San Leandro, CA, 94578","2015-05-23 20:28:03"
90,"Prodotti tipici iblei","it","via Calanchi Frigintini, 40/B; 97015 Frigintini - Modica (RG)","2015-05-23 20:28:03"
91,"Moser Roth","de","Waldstr. 27; 13403 Berlin","2015-05-23 20:28:03"
92,"Cuorenero","it","Monteroduni (IS)","2015-05-23 20:28:03"
94,"Sarotti","de","D-12277 Berlin","2015-05-23 20:28:03"
95,"Giordano","it","Leinì (TO)","2015-05-23 20:28:03"
96,"Dolce & amaro","it","","2015-05-23 20:28:03"
97,"Choceur","at","Hofer KG, A-4642 Sattledt, Gewerbestr. 20","2015-05-23 20:28:03"
98,"Nadalina","hr","LUXOR d.o.o. Put Majdana b.b. 21210 Solin","2015-05-23 20:28:03"
99,"Babaevsky","ru","","2015-05-23 20:28:03"
100,"Reber","de","83435 Bad Reichenhall","2015-05-23 20:28:03"
101,"Stainer","it","Novoleto, Pontremoli (MS)","2015-05-23 20:28:03"
102,"Pernigotti","it","viale della Rimembranza, 100; 15067 Novi Ligure (AL)","2015-05-23 20:28:03"
103,"Heidi","ro","Pantelimon, B-dul 87, Jud. Ilfov, Romania","2015-05-23 20:28:03"
104,"La cure gourmande","fr","5 rue Montgolfier, 34110 Frontignan","2015-05-23 20:28:03"
105,"Aiguebelle","ma","174, Route Ouled Ziane, Casablanca","2015-05-23 20:28:04"
106,"Regina","pt","Iperial 4480 Azurara, Vila do Conde","2015-05-23 20:28:04"
107,"El Beato","es","Traversia Francisco Tello 5; 42300 El burgo de Osma, Soria","2015-05-23 20:28:04"
108,"Gardini","it","via E. Benini, 38; 47121 Forlì (FC)","2015-05-23 20:28:04"
109,"Pasticceria antico castello","it","via dell'industria, 5/A; 44043, Mirabello (FE)","2015-05-23 20:28:04"
110,"Dolomites","it","Via Puez, 1A; 39048 Selva Val Gardena (BZ)","2015-05-23 20:28:04"
111,"Atlante","it","via 2 giugno 1946, 8; 40033 Casalecchio di Reno (BO)","2015-05-23 20:28:04"
112,"Michel Cluizel","fr","Routes de conches; 27240 Damville","2015-05-23 20:28:04"
113,"XocoArt","it","via Marchesi, 10; Parma","2015-05-23 20:28:04"
114,"Tesco","gb","Cheshunt EN8 9SL","2015-05-23 20:28:04"
115,"Slitti","it","Via Franscesca sud, 1268; Monsummano Terme (PT)","2015-05-23 20:28:04"
116,"Kernow Chocolate","gb","St. Eval, Wadebridge; Cornwall PL27 7UE","2015-05-23 20:28:04"
117,"Schmerling's","ch","Spindelstrasse 2; 8041 Zürich","2015-05-23 20:28:04"
118,"Colle","it","Piazza Fiume, 2; 13900 Biella","2015-05-23 20:28:04"
119,"Ottochocolates","it","via B. Castello 17/R; 16121 Genova","2015-05-23 20:28:04"
120,"Vale","it","via C.Colombo, 51; 20090 Trezzano s/N (MI)","2015-05-23 20:28:04"
121,"Toms Ekstra","dk","Toms Allé 1; DK-2750 Ballerup","2015-05-23 20:28:04"
122,"BruCo","it","via Don Battistoni, 11; 60035 Jesi (An)","2015-05-23 20:28:04"
123,"Bjoernsted","de","Diebrocker Str. 17; D-32051 Herford","2015-05-23 20:28:05"
124,"Belgian","be","Geelseweg 72; 2pt0 Olen","2015-05-23 20:28:05"
125,"Cora","be","Zl 4° ru; B-6040 Jumet","2015-05-23 20:28:05"
126,"Planet chocolate","be"," Rue du Lombard 24 - 1000 Bruxelles","2015-05-23 20:28:05"
127,"VizioVirtù","it","San Polo 2898-a; 30125 Venezia","2015-05-23 20:28:05"
128,"Rivoli","it","Cirras; 09096 Santa Giusta (OR)","2015-05-23 20:28:05"
129,"Guido Gobino","it","via Cagliari 15/B; 10153 Torino","2015-05-23 20:28:05"
130,"Moser Roth IE","ie","po box 26, Atherstone, Warwickshire CV9 2SH","2015-05-23 20:28:05"
131,"Guinness","ie","Navan IDA Business Park, Johnstone, Navan, Co. Meath","2015-05-23 20:28:05"
134,"Cote d'or","be","Stationsstraat 100; 2800 Mechelen","2015-05-23 20:28:05"
135,"Nestlè","ch","Vevey","2015-05-23 20:28:05"
136,"Butlers","ie","51Grafton Street; Dubiln 2","2015-05-23 20:28:05"
137,"Isis","dk","Aarhus","2015-05-23 20:28:05"
138,"Loacker","it","I-39054 Unterinn; Auna di sotto (BZ)","2015-05-23 20:28:05"
139,"Kate Kearney's","ie","Fonthill Road, Dublin 22","2015-05-23 20:28:05"
140,"Sperlari","it","via Milano 16; Cremona","2015-05-23 20:28:05"
141,"The chocolate line","be","Simon Stevinplein 19 - 8000 Brugge","2015-05-23 20:28:05"
142,"Pacari","ec","Julio Zaldumbide N24-676 y Miravalle; Quito","2015-05-23 20:28:05"
143,"Fredric Blondeel","be","Basteenkaai 36 - 1000 Brussel","2015-05-23 20:28:05"
144,"Wittamer","be","Place du Grand Sablon, 2 - 1000 Bruxelles","2015-05-23 20:28:05"
145,"Cioccolateria Dolomiti","it","Via dell'Artigianato, 20; Belluno","2015-05-23 20:28:06"
146,"Menakao","mg","BP 4101 Ambohidratrimo Antananarivo 101","2015-05-23 20:28:06"
147,"Simon Coll","es","Sant Pere, 37; 08770 Sant Sadurnì d'Anoia, Barcelona","2015-05-23 20:28:06"
148,"Marou","vn","Saigon","2015-05-23 20:28:06"
149,"EquoLink","it","Via Masaccio 21; Reggio nell'Emilia (RE)","2015-05-23 20:28:06"
150,"Seed and Bean","gb","8-12 Woodhouse road, London N12 ORG","2015-05-23 20:28:06"
151,"Gay Odin","it","Via Vetriera, 12; Napoli","2015-05-23 20:28:06"
152,"Alprose","ch","CH-6987 Caslano-Lugano","2015-05-23 20:28:06"
153,"Altraqualità","it","via Toscanini, 11; Ferrara","2015-05-23 20:28:06"
154,"Pierre Marcolini","be","Place du Grand Sablon - 1000 Bruxelles","2015-05-23 20:28:06"
155,"Stella","ch","via alle Gerre 28, 6512 Giubiasco","2015-05-23 20:28:06"
156,"Darcis","be","Crapaurue 123, Verviers","2015-05-23 20:28:06"
157,"Artisan du chocolat","gb","The Long Barrow, Orbital Park, Ashford Kent TN240GP.","2015-05-23 20:28:06"
158,"B by B","be","Sint Amandstraat 39, 8000 Brugge","2015-05-23 20:28:06"
159,"Adelia Di Fant","it","via Garibaldi 26; san Daniele del Friuli","2015-05-23 20:28:06"
160,"Milka","it","via Nizzoli, 3; Milano (MI)","2015-05-23 20:28:06"
161,"Cioccolateria Veneziana","it","Via Chiesanuova 91, 30027; San Donà di Piave (VE)","2015-05-23 20:28:06"
162,"Bruyerre","be","Rue FL Bruyerre, 34; B-6041 Gosselies","2015-06-21 15:21:50"
164,"Claudio Corallo","st","S.A.S. Lda.","2015-06-21 15:31:28"
165,"Conad","it","via Michelino 59; Bologna","2015-06-21 15:37:24"
166,"Bonnat","fr","8 cours Sénozan; BP 48; 38502 Voiron","2015-06-21 15:47:29"
167,"T'a","it","via Monte Grappa 4; Cerro Maggiore (MI)","2015-06-21 15:54:48"
168,"Chocopolis","be","Rue du Marché aux Herbes 81, 1000 Bruxelles","2015-06-21 15:58:44"
169,"Go*do","it","via Pescatori 53; 23900 Lecco","2015-08-09 16:23:49"
170,"Continente","pt","Apartado 60111, 2701-997 Amadora","2015-08-09 16:29:17"
171,"Chocolataria Equador","pt","R. da Misericórdia 72, Lisboa, Portugal","2015-08-09 16:33:56"
172,"Casa Grande","pt","Rua S. Joao, 4760-721 Ribeirao","2015-08-09 16:36:45"
173,"Pingo doce","pt","Rua Actor Antonio Silva, 7; 1649-033 Lisboa","2015-08-09 17:00:53"
175,"Guido Castagna","it","via Torino, 54; 10094 Giaveno (TO)","2015-10-11 14:34:12"
176,"Il modicano","it","via Mercè, 69; 97015 Modica (RG)","2015-10-11 14:35:47"
177,"Bodrato","it","str. del Turchino, 41; 15067 Novi Ligure (AL)","2015-10-11 14:37:39"
178,"Delhaize group","be","Rue Osseghemstraat 53; B-1080 Brussels","2015-10-11 14:41:19"
179,"Dolciando","it","via Campalto, 3/D; 37036 San Martino B.A. (VR)","2015-10-11 14:43:08"
180,"Cémoi","fr","avenue Julien Pachot CS00002; 66968 Perpignan Cedex 9","2015-10-11 14:48:11"
181,"Cioccolato croci","it","via P.CLotilde 6/a; Torino","2015-11-22 17:21:25"
182,"Blanxart","es","Tambor del Bruc, 13-17; 08970 Sant Joan Despì, Barcelona","2015-11-22 17:33:54"
183,"Borgodoro","it","via Collegno, 49; Alignano (TO)","2015-11-22 17:41:29"
184,"Green Dream","be","Noorwegenstraat 19; 9940 Evergem","2015-11-22 18:11:55"
185,"Ciokarrua","it","via sacro cuore 64/e; 97015 Modica (RG)","2015-11-22 18:23:53"
186,"Antica Dolceria Rizza","it","via Sacro Cuore 64; Modica (RG)","2015-11-22 18:29:23"
187,"Les chocolates di Pauline","fr","Z.A. La Grande Chevasse; 85260 St Sulpice Le Verdon","2016-01-01 16:09:15"
188,"Nutal SRL","it","Via Cave Rosse 11/a; 12073 Ceva (CN)","2016-01-01 16:32:59"
189,"Chocolate Amatller","es","Sant Pere, 37; 08770 Sant Sadurnì d'Anoia, Barcelona","2016-01-01 16:41:35"
190,"Chocolates valor","es","Pianista Conzalo Soriano, 13; 03570 Villajoyosa, Alicante","2016-01-01 16:57:45"
191,"Alnatura","de","Darmstadter strasse, 63; D-64404 Bickenbach","2016-01-01 17:03:39"
192,"Tirma","es","Avda de Escaleritas, 104; 35011 Las Palmas de G.C.","2016-01-01 17:06:59"
193,"El artesano","es","CV 800 Poligono El Espartal s/n C.P. 03100 Jijona (Alicante)","2016-02-21 10:12:18"
194,"La candelaria","es","C/ El Timple 15, Pol. Industrial Las Almenas, 38430 Icod de los Vinos","2016-02-21 10:14:43"
195,"Donna Elvira","it","via Risorgimento 32, Modica (RG)","2016-02-21 10:28:37"
196,"Cachet","be","Grijpenlaan 11, 3300 Tienen, Belgium","2016-02-21 16:15:51"
197,"Ethiquable","be","Rue Chaudin 237, B-5300 Andenne","2016-02-21 16:38:58"
198,"Chocolat factory","es","Francesc Vila s/n Nave 8; 08173 Sant Cugat del Vallés, Barcelona","2016-02-21 16:58:15"
199,"Roccati","it","via Clavature 17/a; 40124 Bologna","2016-02-21 17:14:22"
200,"Peyrano","it","Corso Monalieri, 47; 10133 Torino","2016-04-03 16:04:33"
201,"MIV Cioccolaterie","it","via A. Merloni, 20; 60010 Ostra (AN)","2016-04-03 16:08:30"
202,"Vivoo","it","Via del commercio, 16; 37066 Sommacampagna","2016-04-03 16:12:21"
203,"Naturata","de","D-71672 Marbach DE-OKO-007","2016-05-28 14:58:20"
204,"Scharffen Berger","us","Robinson, Illinois 62454","2016-05-28 15:23:46"
205,"Green & black","us","East Hanover, NJ 07936","2016-05-28 15:26:47"
208,"Cadbury","au","323 Canterbury road; Ringwood Victoria 3134","2016-05-28 15:34:49"
209,"El ceibo","bo","Av. Juan Pablo II No. 2560; El Alto, La Paz","2016-05-28 15:37:47"
210,"Fior di Loto","it","Prima Strada 1/A - 10043 Orbassano (TO)","2016-09-04 13:56:03"
211,"Eza","at","Wenger strasse 5, A-5203 Kostendorf","2016-09-04 14:08:12"
212,"Monasterio de San Pedro de Cardena","es","","2016-09-04 14:28:39"
213,"Braun","at","","2016-09-04 14:47:34"
214,"NewTree","be","","2016-09-04 15:30:11"
215,"Laurent Gerbaud","be","Rue Ravenstein 2D; B1000 Bruxelles","2016-09-04 15:33:52"
216,"Berger","at","Schokoladenweg 1; A-5090 Lofer","2016-09-04 15:37:20"
217,"Orset","ch","7 place de la Fusterie; CH-1211 Geneve 3","2016-09-04 15:49:39"
218,"Para ti","bo","Calle Monteagudo - Zona Garcilazo - Sucre","2016-09-04 15:55:55"
219,"Walde","it","Pass. Brignoles 2, I-39031 Brunico (BZ)","2016-12-09 10:23:00"
220,"Ecor","it","via L. De Besi 20/C, Verona (VR)","2016-12-09 10:52:36"
221,"Vanini","it","Via Caio Plinio 5/7 – Orsenigo (CO)","2016-12-09 11:20:32"
222,"Subiza","es","C/. Amaya , 30; 31004 Pamplona","2016-12-09 14:04:32"
223,"Hacendado","es","Sanchis Mira, S.A. Pol. Ind. Segorb, s/n Jijona (Alicante)","2016-12-09 14:24:36"
224,"Lviv handmande chocolate","ua","","2016-12-09 14:37:59"
225,"Los Tesoros de Machipicchu","pe","Av. Prolongacion Vilcanota S/N Calca - Cusco","2016-12-09 17:45:23"
226,"Arriba Gold","us","420 East 102nd St 3C; New York, NY 10029","2016-12-09 17:51:51"
227,"La Nusta","pe","Urb. Huancaro, Cl. Profesionales Mza. C Lote I","2016-12-09 17:56:11"
228,"Daintree Estates","au","51 Pringle Street, Mossman QLD 4873, Australia","2016-12-09 18:00:45"
229,"Patrick Roger","fr","32, rue de Coudrais 92330 Sceaux","2016-12-09 18:03:30"
230,"Casa Angel","es","C/La Carrera, 7 Santillana del Mar","2016-12-31 15:00:57"
231,"America","pe","Av. Huayruropata 1724, Cusco","2017-01-28 14:34:42"
232,"Gorenjka","si","Smartinska c. 154, 1529 Ljubljana","2017-01-28 14:41:48"
233,"Nestle Peru","pe","Av. Los Castillos cdra. 3, Urb. Ind. Santa Rosa, Ate","2017-01-28 16:03:32"
234,"Dolci Saperi","it","via Panceri 3 - 20037 Paderno D. (MI)","2017-02-04 16:38:45"
235,"Vestri","it","via Romana 161 B/C; 52100 Arezzo","2017-02-04 16:41:49"
236,"Pam e Panorama","it","via del commercio, 27 - 30038 Spinea (VE)","2017-03-04 16:05:20"
237,"Sol Del Cusco","pe","Av. San Luis 890 - Lima","2017-04-23 13:57:04"
238,"Chapon","fr","rue de Valengelier, 2 - 77500 Chelles","2017-04-23 14:00:24"
239,"Zotter","at","Bergl, 56, A-8333 Riegersburg","2017-04-23 14:09:25"
240,"Die Spiegelburg","de","Hafenweg 30, 48155 Munster","2017-05-28 15:29:50"
241,"Dardenne","fr","D125 - Salles et Pratviel - 31 110 Luchon","2017-07-29 14:53:34"
242,"Chocolates di Perugia","pe","Avenida La Paz, 2350 San Miguel, Lima","2017-07-29 14:59:16"
243,"Clos de l'Arcke","fr","41320 Langon","2017-07-29 15:05:06"
244,"Un dimanche à Paris","fr","4-6-8, Cour du Commerce Saint Andrè, Odéon, Paris","2017-07-29 15:11:07"
246,"Marks & Spencer","gb","PO Box 3339 Chester CH99 9QS","2017-07-29 15:18:20"
247,"Ikea","se","Almhultsgatan 2, SE-215 86 Malmo","2017-07-29 15:22:09"
248,"motycafè","it","corso Umberto I, 137; Modica","2017-10-28 15:21:50"
249,"Ciokcafè","it","corso Umberto I, 110; 97015 Modica (RG)","2017-10-28 15:30:17"
250,"Xocolat","at","Servitengasse 5, 1090 Wien","2017-10-28 15:37:06"
251,"Francois Pralus","fr","34, rue Général Giraud; 42300 ROANNE","2017-12-08 15:18:22"
252,"Magnum","gb","KCL, Units 1 & 2 Oxborough Lane, Fakenham, Norfolk, NR21 8AF","2017-12-08 16:06:23"
253,"La maison du chocolat","fr","41, rue Paul Lescop 92000 Nanterre","2017-12-08 16:09:00"
254,"Saldac","fr","14 chemin des Blaches du levant 26200 Montélimar","2017-12-08 16:14:25"
255,"Martin Mayer","at","Zwisl 1, 4714 Meggenhofen","2017-12-08 16:22:30"
256,"Moroso","it","Piazza Aquileia, 27, Zompicchia di Codroipo","2017-12-08 16:32:43"
257,"Carrefour","it","Via Caldera, 21 - 20153 Milano","2017-12-09 15:51:13"
258,"B.langhe","it","str. Basse 7/c - 12051 Alba","2018-02-17 15:29:27"
259,"Motta","it","via Verdi, 31 - 37060 Castel d'Azzano (VR)","2018-02-17 16:00:01"
260,"Ricar","nl","Lusernestraat 39, Nieuw-Vennep","2018-02-17 16:36:37"
261,"Wickedly Welsh","gb","Withybush Industrial Park, Withybush road - Haverfordwest, Pembrokeshire, SA62 4BS","2018-02-18 09:38:59"
262,"Maria Teportlan","mx","Chablekal CP 97305 Merida Yucatan","2018-02-18 09:47:37"
263,"Lidl","de","Stiftsbergstr. 1, D-74167 Neckarslum","2018-02-18 09:57:41"
265,"Astor chocolate","us","Lakewood, NJ 08701","2018-02-18 11:19:13"
266,"Taza","us","561 Windsor Street - Somerville , MA 02143","2018-02-18 11:22:27"
267,"Verkade","nl","Antwoordnummer 1310, 1500 WC Zaandam","2018-02-18 11:27:19"
268,"Beppiani","it","via Madonna del Piave, 24, Lentiai (BL)","2018-04-03 13:34:13"
269,"Caffè dell'arte","it","","2018-04-03 14:07:29"
270,"Pump Street","gb","Orford, Suffolk, UK","2018-04-03 14:49:29"
271,"Cusco ancestral","pe","Urb. La florida H-3 Wanchaq - Cusco","2018-04-03 15:24:03"
272,"Gepa","de","Weg 1, 42327 Wuppertal","2018-04-03 15:27:20"
273,"Original beans","nl","Mauritskade 64, 1092AD Amsterdam","2018-04-03 15:35:45"
274,"Chocolat Madagascar","mg","S.A, B.P 6211, 101 Antananarivo","2018-06-02 14:58:06"
275,"Stollwerck","de","Am Stammgleis 9, 22844 Norderstedt","2018-06-02 15:00:50"
276,"Ethereal","us","113 South Benton Street, Woodstock, IL 60098","2018-06-02 15:04:01"
277,"Amaro","it","piazza Risorgimento, 1 Carate (MB)","2018-06-02 15:08:05"
278,"Barbero","it","via Brofferio, 84","2018-06-02 15:38:39"
279,"Iper","it","via Ponchielli, 7 - 20129 Milano","2018-06-02 15:41:00"
280,"Ghiott cioccolato","it","via Sangallo, 21 - 50028 Tavernelle Val di Pesa (FI)","2018-10-14 19:40:43.766122"
281,"Pasticceria Chantilly","it","Corso Umberto I, 76 - 97015 Modica (RG)","2018-10-14 20:25:45.623384"
282,"Prana","it","Fraz. Morano M. - 06023 Gualdo Tadino (PG)","2018-10-14 20:40:25.498063"
283,"Chocolate makers","nl","zesde vogelstraat 54 - 1022 XE, Amsterdam","2018-10-20 15:21:45.185779"
284,"Mirzam","ae","Dubai","2018-10-20 15:26:19.378536"
285,"Goodnow Farms chocolate","us","80 Goodnow Road - Sudbury, MA 01776","2018-10-20 15:33:31.386149"
286,"Eritaj chocolat","fr","67000 Strasbourg","2018-10-20 15:54:18.599459"
287,"Piotr i Pawel","pl","ul. Druskienicka 12 - 60-476 Poznan","2018-10-20 16:31:55.588646"
288,"manufaktura Czekolady","pl","Goscinowa 116, 05-092 Lomianki","2018-10-20 16:37:27.519709"
289,"Biedronka","pl","ul. Zniwna 5, 62-025 Kostrzyn","2018-10-20 16:43:15.969343"
290,"Joel Durand","fr","3, boulevard Victor-Hugo - 13210 SaintRemy de Provence","2018-10-20 16:47:44.636484"
291,"Jeff de Bruges","fr","12 avenue Joseph Paxton, 77164 Ferrieres-en-Brie","2018-10-20 16:52:18.204304"
292,"Le petit duc","fr","7, Boulevard Victor Hugo - 13210 Saint Remy de Provence","2018-10-20 16:54:44.180682"
294,"Solkiki","gb","Pinnacle, North St., TA12 6DH","2018-10-20 17:10:34.688004"
295,"Chocolate Tree","gb","5A Knox Place, Haddington, Scotland EH41 4DY","2018-10-20 17:15:35.694362"
297,"Berryshka","si","Sentvid pri Sticni 152","2018-10-20 17:21:17.686106"
298,"Fu Wan","tw","No. 100, Dapeng Rd., Donggang Township, Pingtung Country 928","2018-10-20 17:25:03.053563"
299,"Mucho chocolate","mx","Milan 45, col. Juarez, CDMX","2018-10-20 17:29:45.759687"
300,"Conexion","ec","Quito","2018-10-20 17:33:03.815776"
301,"Shattel","pe","Mz. B Lote 4 Guayabo, Pachacamac, Lima","2018-10-20 17:36:06.490062"
302,"Dandelion","us","740 Valencia st, San Francisco; California 94110","2018-12-27 11:15:43.368973"
303,"Fjak","no","","2018-12-27 11:20:09.914101"
304,"Amma","br","Rua Dr. Altino Teixeira, 1260, Salvador BA Bahia 41233","2018-12-27 11:24:26.092842"
305,"Brookside","ca","Mississauga, Ontario, L4W 0B1","2018-12-27 11:28:39.077241"
306,"Georgia Ramon","de","Koenigswinterer Strasse 624, 53227 Bonn/Oberkassel","2018-12-27 11:31:53.614702"
307,"El portal de Cusco","pe","","2018-12-27 11:37:06.735422"
308,"President's choice","ca","Toronto M4T 2S8","2018-12-27 11:40:16.537458"
309,"Karuna","lt","Taikos pr 88, LT-51182 Kaunas","2018-12-27 11:44:54.609591"
310,"Choco Koo","ee","Telliskivi 33, 10611 Tallin","2018-12-27 11:47:36.311265"
311,"Rukét","it","via Statale, 12 - Sant'Agostino (FE)","2019-02-16 15:00:26.471298"
312,"Krakakoa","id","Bandar Lampung","2019-02-16 15:59:17.013941"
313,"Friis Holm","dk","Ndr. Ryevej 80, DK-4060 Kirke Såby ","2019-02-16 16:06:00.156119"
314,"Belmont","gd","Belmont Estate, St. Patrick","2019-02-16 16:10:11.725982"
315,"Maranà","pe","Calle las Magnolias 207, Barranco, Lima","2019-02-16 16:16:00.65209"
316,"Millenium","ua","49010, Dnipro, Str. Marie Curie 5","2019-02-16 16:59:11.706825"
318,"Hogarth","nz","10F Kotua place, Nelson","2019-02-16 17:03:47.943889"
320,"Sabadì","it","via Sorda Sampieri, 262; 97015 Modica (RG)","2019-04-26 09:57:00.597763"
321,"Ara chocolat","fr","54 Rue de Dunkerque;  75009 Paris","2019-04-26 10:06:24.966716"
322,"Dormouse Chocolates","gb","2 Atherton St. Manchester, M3 3GS","2019-04-26 10:09:41.701918"
323,"JK Fine chocolates","gb","","2019-04-26 10:29:28.579013"
324,"Omnom","is","Holmaslod 4, 101 Reykjavik","2019-04-26 13:07:20.176317"
325,"Islands chocolate","vc","Kingstown, P.O BOX 1774","2019-04-26 13:34:53.84045"
326,"Mestico chocolates","br","R. Baluarte, 528 - Itaim Bibi, São Paulo - SP, 04549-012","2019-04-26 13:38:14.912851"
327,"Duffy's","gb","Unit 2E, Humberston Business Park, Wilton Road Estate, Cleethorpes, DN36 4BJ","2019-04-26 13:41:22.702912"
328,"Soma chocolatemaker","ca","32 Tank House Lane, Toronto (Ontario) M5A 3C4","2019-04-26 13:46:42.178828"
329,"Ritual chocolate","us","1105 Iron horse drive, Park City, UT 84060","2019-04-26 13:56:35.394286"
330,"Crai","it","Via F.lli Cervi, Segrate (MI)","2019-06-15 14:11:47.827949"
331,"Solstice chocolate","us","Salt Lake City, UT 84123","2019-06-15 14:37:43.677862"
332,"Lubimov","ua","49010 Dnipropetrovsk city, Mary Curie street, 5","2019-06-15 15:01:51.527998"
333,"Naive","lt","Mulate UAB (Zietelos 3)","2019-06-15 15:06:51.872835"
334,"Akesson's","gb","15b Blenheim Crescent - Notting Hill - London W11 2EE","2019-06-15 15:19:09.812521"
335,"Cacaosuyo","pe","calle Robert Fulton n° 145, Ate. Lima","2019-06-15 15:24:12.133226"
336,"Luisa Abram","br","Rua Joaquim dos Reis, 311-CEP: 04727-150- Sao Paolo-SP","2019-06-15 15:28:45.568408"
337,"Tosier","gb","Ipswich, Suffolk IP1 2PP","2019-06-15 15:34:42.574457"
338,"Puyricard","fr","avenue Georges de Fabry - 13540 Puyricard","2019-06-15 15:53:01.28814"
339,"Shoud'e","ua","Yaseneva str. Kharkiv, 61066","2019-06-15 16:02:36.217129"
340,"Qantu","ca","2000, Rue Notre-Dame Est, Montreal QC","2019-06-15 16:07:31.485588"
341,"Fruition","us","3091 route 28, Shokan, NY 12481","2019-06-15 16:09:45.415535"
342,"Innato","pe","av. Circunvalaciòn dal club Golf Los Incas, n° 154 Of. 504 Santiago de Surco Lima 33","2019-06-15 16:12:55.813797"
343,"Solocacao","it","via Broletto 1/A, 42121, Reggio Emilia","2019-07-02 12:30:17.166959"
344,"Al nassma","ae","PO Box 117584, Dubai","2019-07-02 12:32:33.54765"
345,"Svenska kakaobolaget","se","Tranesvägen 37, 27392 Skåne-Tranås","2019-07-02 12:41:31.138451"
346,"Cocama","pe","Sector 2 group 21 mza, P. Lote 20, Lima 15831","2019-07-02 12:43:43.865256"
347,"Bohemian Chocolate Paradise","cz","Praha","2019-07-02 12:46:32.045142"
348,"Peluso","it","C.le Trecasucce, 41 - 97015 Modica","2020-03-02 08:04:32.307845"
349,"L'Angelica","it","via Maggiore Piovesana, 111; Conegliano (TV)","2020-03-03 07:36:18.832343"
350,"Rossmann","de","Isernhagener Str. 16, DE-30938 Burgwedel","2020-03-05 07:44:51.294707"
351,"Morin","fr","640 Chemin du Plan; 26290 Donzère","2020-03-05 07:47:57.663258"
352,"Utopick","es","Matias Perellò 14, 46005 Valencia","2020-03-11 07:25:07.621113"
353,"Belvie","vn","D11/3A Quach Dieu, Vinh Loc A Ward, Binh Chanh District, Ho Chi Minh City","2020-03-11 07:36:55.807406"
354,"Robert Chocolatier","mg","Antananarivo","2020-03-11 07:40:02.538411"
355,"Oialla","dk","Dyrehaven 7, 2930 Klampenborg","2020-03-11 07:45:03.282176"
356,"Raaka","us","64 Seabring Street Brooklyn, NY 11231","2020-03-11 07:48:14.930937"
357,"Havanna chocolates","ar","Brandesen 3251 Mar Del Plata, Buenos Aires","2020-03-19 07:24:26.646802"
358,"Auro chocolate","ph","Block 2F Lot 3, Phase I Filinvest Technology Park, Calamba City, Laguna","2020-03-19 07:34:21.31814"
359,"Jordis","cz","Spitalska 149/7, Hradec Kralove","2020-03-21 15:00:48.779791"
360,"Diogo Vaz","st","","2020-03-21 15:08:50.997887"
361,"Pancracio","es","Calle José del Toro, 2, 11001 Cádiz","2020-03-21 15:13:01.238468"
362,"Taucherli","ch","Ueberlandstrasse 18, 8015 Zurich","2020-04-16 07:35:38.809347"
363,"Standout chocolate","se","Farasvagen 45, 42837 Kallered","2020-04-16 09:10:22.4042"
365,"Chocolarder","gb","Falmouth, TR3 7JW","2020-04-16 09:15:04.699422"
366,"Firetree","gb","3 Holkham road, Peterbrough, PE2 6TE","2020-04-16 12:16:38.384765"
367,"Chequessett","us","8 Highland road, P.O. Box 250, North Truro, MA 02652","2020-04-16 12:21:19.179553"
368,"Franceschi","ve","Edif. Paisa PB Local 11 Urb. Bello Monte, Caracas, Distrito Capital 1050","2020-04-16 12:33:01.472978"
369,"Alberti","it","piazza Colonna, Benevento","2020-04-16 12:35:41.100148"
370,"Patagonian life","ar","Charcas 2737 Piso 4 Depto D, Ciudad di Buenos Aires","2020-05-30 14:15:46.213867"
371,"Land","gb","14 Teensdale Yard, Bethnal Green, London E2 6QE","2020-05-30 14:28:19.32193"
372,"Boho","us","296C Nonotuck St., Florence, MA 01062","2020-05-30 14:33:52.376785"
373,"La Oma de Ushuaia","ar","San Martin 499 - (9410). Ushuaia. Pcia. de Tierra del Fuego / Patagonia","2020-10-03 15:05:20.567423"
374,"Desbarres","ca","Uxbridge, ON Canada L9p 1b9","2020-10-03 15:08:14.925731"
375,"Oberholler","it","4 zona artigianale I-39058 Sarentino (BZ)","2020-10-03 15:14:48.37308"
376,"Metiisto","au","3/19 Croft Crescent; Toowoomba, QLD 4350","2020-10-03 15:21:32.77579"
377,"Fossa","sg","2 Mandai Link #02-04A, Singapore 728664","2020-10-03 15:25:00.489622"
378,"Lucifer","si","Šaleška cesta 19a, 3320 Velenje","2020-10-03 15:33:38.453751"
